Workbook

Sheet Sheet1
G1: Kullanilan | I1: Kullanılmayan Freeze
B2: 5. Halka Milestone Sonu | C2: 6. Halka Milestone Sonu | D2: 6. Halka Black Hole Günü | E2: Black Hole Tarihi | F2: Black Hole'e kalan gün | G2: Rapor | I2: Bonus | J2: Regular
A3: yunozdem | B3: 46010 | C3: =B3+30 -> 46040 | D3: 60 | E3: =C3+D3 -> 46100 | F3: =E3-TODAY() -> 97 | G3: 8 | I3: 12 | J3: =70-G3 -> 62
A4: ekarau | B4: 46029 | C4: =B4+30 -> 46059 | D4: 60 | E4: =C4+D4 -> 46119 | F4: =E4-TODAY() -> 116 | G4: 37 | H4: +15? | I4: 22 | J4: =70-G4 -> 33
A5: apalaz | B5: 46002 | C5: =B5+30 -> 46032 | D5: 60 | E5: =C5+D5 -> 46092 | F5: =E5-TODAY() -> 89 | I5: 12 | J5: =70-G5 -> 70
A6: kaykin | C6: 46057 | D6: 60 | E6: =C6+D6 -> 46117 | F6: =E6-TODAY() -> 114 | G6: 32 | I6: 15 | J6: =70-G6 -> 38

Sheet Sheet2
B2: / | C2: 5. Halka Milestone Sonu | D2: 6. Halka Milestone Sonu | E2: 6. Halka Black Hole Günü | F2: Black Hole Tarihi | G2: Kulaanılan Rapor (Freeze) | H2: Şuan itibariyle 6. Halka Black Hole Gün Sayısı | I2: Kalan Bonus Freeze | J2: Tatiller* (Olası Compen-sation) | K2: Toplam | L2: Kalan Regular Freeze
B3: yunozdem | C3: 46010 | D3: =C3+30 -> 46040 | E3: 60 | F3: =D3+E3 -> 46100 | G3: 8 | H3: =Sheet1!F3 -> 97 | I3: =Sheet1!I3 -> 12 | J3: 5 | K3: =H3+I3+J3 -> 114 | L3: =Sheet1!J3 -> 62
B4: ekarau | C4: 46029 | D4: =C4+30 -> 46059 | E4: 60 | F4: =D4+E4 -> 46119 | G4: 37 | H4: =Sheet1!F4 -> 116 | I4: =Sheet1!I4 -> 22 | J4: 5 | K4: =H4+I4+J4 -> 143 | L4: =Sheet1!J4 -> 33
B5: apalaz | C5: 46002 | D5: =C5+30 -> 46032 | E5: 60 | F5: =D5+E5 -> 46092 | G5: - | H5: =Sheet1!F5 -> 89 | I5: =Sheet1!I5 -> 12 | J5: 5 | K5: =H5+I5+J5 -> 106 | L5: =Sheet1!J5 -> 70
B6: kaykin | C6: - | D6: 46057 | E6: 60 | F6: =D6+E6 -> 46117 | G6: 32 | H6: =Sheet1!F6 -> 114 | I6: =Sheet1!I6 -> 15 | J6: 5 | K6: =H6+I6+J6 -> 134 | L6: 38
J7: *Yılbaşı 31 Aralık Ramazan 19-22 Mart
